Workbook
Name A: 'Raw Data'!$A$99

Sheet Raw Data
A1: Date of Checking | B1: Route | C1: Flight Date | D1: Days to Departure | E1: IndiGo Fare (INR) | F1: SpiceJet Fare (INR) | G1: Air India Fare (INR) | H1: Time slot | I1: Cheapest Airline
A2: 46186 | B2: DEL-BOM | C2: 46187 | D2: =C2-A2 -> 1 | E2: 8538 | F2: 9189 | G2: 8638 | H2: Morning | I2: =IF(E2=0,IF(F2=0,"Air India",IF(G2=0,"SpiceJet",IF(F2<=G2,"SpiceJet","Air India"))),IF(F2=0,IF(G2=0,"IndiGo",IF(E2<=G2,"IndiGo","Air India")),IF(G2=0,IF(E2<=F2,"IndiGo","SpiceJet"),IF(AND(E2<=F2,E2<=G2),"IndiGo",IF(AND(F2<=E2,F2<=G2),"SpiceJet","Air India"))))) -> IndiGo
A3: 46186 | B3: DEL-BOM | C3: 46187 | D3: =C3-A3 -> 1 | E3: 9168 | F3: 12855 | G3: 9401 | H3: Evening | I3: =IF(E3=0,IF(F3=0,"Air India",IF(G3=0,"SpiceJet",IF(F3<=G3,"SpiceJet","Air India"))),IF(F3=0,IF(G3=0,"IndiGo",IF(E3<=G3,"IndiGo","Air India")),IF(G3=0,IF(E3<=F3,"IndiGo","SpiceJet"),IF(AND(E3<=F3,E3<=G3),"IndiGo",IF(AND(F3<=E3,F3<=G3),"SpiceJet","Air India"))))) -> IndiGo
A4: 46186 | B4: DEL-BLR | C4: 46187 | D4: =C4-A4 -> 1 | E4: 14809 | G4: 15375 | H4: Morning | I4: =IF(E4=0,IF(F4=0,"Air India",IF(G4=0,"SpiceJet",IF(F4<=G4,"SpiceJet","Air India"))),IF(F4=0,IF(G4=0,"IndiGo",IF(E4<=G4,"IndiGo","Air India")),IF(G4=0,IF(E4<=F4,"IndiGo","SpiceJet"),IF(AND(E4<=F4,E4<=G4),"IndiGo",IF(AND(F4<=E4,F4<=G4),"SpiceJet","Air India"))))) -> IndiGo
A5: 46186 | B5: DEL-BLR | C5: 46187 | D5: =C5-A5 -> 1 | E5: 16294 | F5: 25311 | G5: 33352 | H5: Evening | I5: =IF(E5=0,IF(F5=0,"Air India",IF(G5=0,"SpiceJet",IF(F5<=G5,"SpiceJet","Air India"))),IF(F5=0,IF(G5=0,"IndiGo",IF(E5<=G5,"IndiGo","Air India")),IF(G5=0,IF(E5<=F5,"IndiGo","SpiceJet"),IF(AND(E5<=F5,E5<=G5),"IndiGo",IF(AND(F5<=E5,F5<=G5),"SpiceJet","Air India"))))) -> IndiGo
A6: 46186 | B6: DEL-HYD | C6: 46187 | D6: =C6-A6 -> 1 | E6: 17562 | G6: 22596 | H6: Morning | I6: =IF(E6=0,IF(F6=0,"Air India",IF(G6=0,"SpiceJet",IF(F6<=G6,"SpiceJet","Air India"))),IF(F6=0,IF(G6=0,"IndiGo",IF(E6<=G6,"IndiGo","Air India")),IF(G6=0,IF(E6<=F6,"IndiGo","SpiceJet"),IF(AND(E6<=F6,E6<=G6),"IndiGo",IF(AND(F6<=E6,F6<=G6),"SpiceJet","Air India"))))) -> IndiGo
A7: 46186 | B7: DEL-HYD | C7: 46187 | D7: =C7-A7 -> 1 | E7: 20400 | G7: 22596 | H7: Evening | I7: =IF(E7=0,IF(F7=0,"Air India",IF(G7=0,"SpiceJet",IF(F7<=G7,"SpiceJet","Air India"))),IF(F7=0,IF(G7=0,"IndiGo",IF(E7<=G7,"IndiGo","Air India")),IF(G7=0,IF(E7<=F7,"IndiGo","SpiceJet"),IF(AND(E7<=F7,E7<=G7),"IndiGo",IF(AND(F7<=E7,F7<=G7),"SpiceJet","Air India"))))) -> IndiGo
A8: 46186 | B8: DEL-MAA | C8: 46187 | D8: =C8-A8 -> 1 | E8: 16437 | G8: 17640 | H8: Morning | I8: =IF(E8=0,IF(F8=0,"Air India",IF(G8=0,"SpiceJet",IF(F8<=G8,"SpiceJet","Air India"))),IF(F8=0,IF(G8=0,"IndiGo",IF(E8<=G8,"IndiGo","Air India")),IF(G8=0,IF(E8<=F8,"IndiGo","SpiceJet"),IF(AND(E8<=F8,E8<=G8),"IndiGo",IF(AND(F8<=E8,F8<=G8),"SpiceJet","Air India"))))) -> IndiGo
A9: 46186 | B9: DEL-MAA | C9: 46187 | D9: =C9-A9 -> 1 | E9: 14571 | G9: 16015 | H9: Evening | I9: =IF(E9=0,IF(F9=0,"Air India",IF(G9=0,"SpiceJet",IF(F9<=G9,"SpiceJet","Air India"))),IF(F9=0,IF(G9=0,"IndiGo",IF(E9<=G9,"IndiGo","Air India")),IF(G9=0,IF(E9<=F9,"IndiGo","SpiceJet"),IF(AND(E9<=F9,E9<=G9),"IndiGo",IF(AND(F9<=E9,F9<=G9),"SpiceJet","Air India"))))) -> IndiGo
A10: 46186 | B10: DEL-CCU | C10: 46187 | D10: =C10-A10 -> 1 | E10: 20195 | G10: 24171 | H10: Morning | I10: =IF(E10=0,IF(F10=0,"Air India",IF(G10=0,"SpiceJet",IF(F10<=G10,"SpiceJet","Air India"))),IF(F10=0,IF(G10=0,"IndiGo",IF(E10<=G10,"IndiGo","Air India")),IF(G10=0,IF(E10<=F10,"IndiGo","SpiceJet"),IF(AND(E10<=F10,E10<=G10),"IndiGo",IF(AND(F10<=E10,F10<=G10),"SpiceJet","Air India"))))) -> IndiGo
A11: 46186 | B11: DEL-CCU | C11: 46187 | D11: =C11-A11 -> 1 | E11: 18089 | G11: 17577 | H11: Evening | I11: =IF(E11=0,IF(F11=0,"Air India",IF(G11=0,"SpiceJet",IF(F11<=G11,"SpiceJet","Air India"))),IF(F11=0,IF(G11=0,"IndiGo",IF(E11<=G11,"IndiGo","Air India")),IF(G11=0,IF(E11<=F11,"IndiGo","SpiceJet"),IF(AND(E11<=F11,E11<=G11),"IndiGo",IF(AND(F11<=E11,F11<=G11),"SpiceJet","Air India"))))) -> Air India
A12: 46186 | B12: DEL-BOM | C12: 46193 | D12: =C12-A12 -> 7 | E12: 8538 | G12: 8638 | H12: Morning | I12: =IF(E12=0,IF(F12=0,"Air India",IF(G12=0,"SpiceJet",IF(F12<=G12,"SpiceJet","Air India"))),IF(F12=0,IF(G12=0,"IndiGo",IF(E12<=G12,"IndiGo","Air India")),IF(G12=0,IF(E12<=F12,"IndiGo","SpiceJet"),IF(AND(E12<=F12,E12<=G12),"IndiGo",IF(AND(F12<=E12,F12<=G12),"SpiceJet","Air India"))))) -> IndiGo
A13: 46186 | B13: DEL-BOM | C13: 46193 | D13: =C13-A13 -> 7 | E13: 8538 | F13: 8417 | G13: 8638 | H13: Evening | I13: =IF(E13=0,IF(F13=0,"Air India",IF(G13=0,"SpiceJet",IF(F13<=G13,"SpiceJet","Air India"))),IF(F13=0,IF(G13=0,"IndiGo",IF(E13<=G13,"IndiGo","Air India")),IF(G13=0,IF(E13<=F13,"IndiGo","SpiceJet"),IF(AND(E13<=F13,E13<=G13),"IndiGo",IF(AND(F13<=E13,F13<=G13),"SpiceJet","Air India"))))) -> SpiceJet
A14: 46186 | B14: DEL-BLR | C14: 46193 | D14: =C14-A14 -> 7 | E14: 11180 | G14: 11632 | H14: Morning | I14: =IF(E14=0,IF(F14=0,"Air India",IF(G14=0,"SpiceJet",IF(F14<=G14,"SpiceJet","Air India"))),IF(F14=0,IF(G14=0,"IndiGo",IF(E14<=G14,"IndiGo","Air India")),IF(G14=0,IF(E14<=F14,"IndiGo","SpiceJet"),IF(AND(E14<=F14,E14<=G14),"IndiGo",IF(AND(F14<=E14,F14<=G14),"SpiceJet","Air India"))))) -> IndiGo
A15: 46186 | B15: DEL-BLR | C15: 46193 | D15: =C15-A15 -> 7 | E15: 10201 | F15: 16433 | G15: 11430 | H15: Evening | I15: =IF(E15=0,IF(F15=0,"Air India",IF(G15=0,"SpiceJet",IF(F15<=G15,"SpiceJet","Air India"))),IF(F15=0,IF(G15=0,"IndiGo",IF(E15<=G15,"IndiGo","Air India")),IF(G15=0,IF(E15<=F15,"IndiGo","SpiceJet"),IF(AND(E15<=F15,E15<=G15),"IndiGo",IF(AND(F15<=E15,F15<=G15),"SpiceJet","Air India"))))) -> IndiGo
A16: 46186 | B16: DEL-HYD | C16: 46193 | D16: =C16-A16 -> 7 | E16: 9297 | G16: 8917 | H16: Morning | I16: =IF(E16=0,IF(F16=0,"Air India",IF(G16=0,"SpiceJet",IF(F16<=G16,"SpiceJet","Air India"))),IF(F16=0,IF(G16=0,"IndiGo",IF(E16<=G16,"IndiGo","Air India")),IF(G16=0,IF(E16<=F16,"IndiGo","SpiceJet"),IF(AND(E16<=F16,E16<=G16),"IndiGo",IF(AND(F16<=E16,F16<=G16),"SpiceJet","Air India"))))) -> Air India
A17: 46186 | B17: DEL-HYD | C17: 46193 | D17: =C17-A17 -> 7 | E17: 8667 | G17: 9400 | H17: Evening | I17: =IF(E17=0,IF(F17=0,"Air India",IF(G17=0,"SpiceJet",IF(F17<=G17,"SpiceJet","Air India"))),IF(F17=0,IF(G17=0,"IndiGo",IF(E17<=G17,"IndiGo","Air India")),IF(G17=0,IF(E17<=F17,"IndiGo","SpiceJet"),IF(AND(E17<=F17,E17<=G17),"IndiGo",IF(AND(F17<=E17,F17<=G17),"SpiceJet","Air India"))))) -> IndiGo
A18: 46186 | B18: DEL-MAA | C18: 46193 | D18: =C18-A18 -> 7 | E18: 11503 | G18: 13324 | H18: Morning | I18: =IF(E18=0,IF(F18=0,"Air India",IF(G18=0,"SpiceJet",IF(F18<=G18,"SpiceJet","Air India"))),IF(F18=0,IF(G18=0,"IndiGo",IF(E18<=G18,"IndiGo","Air India")),IF(G18=0,IF(E18<=F18,"IndiGo","SpiceJet"),IF(AND(E18<=F18,E18<=G18),"IndiGo",IF(AND(F18<=E18,F18<=G18),"SpiceJet","Air India"))))) -> IndiGo
A19: 46186 | B19: DEL-MAA | C19: 46193 | D19: =C19-A19 -> 7 | E19: 9678 | G19: 12071 | H19: Evening | I19: =IF(E19=0,IF(F19=0,"Air India",IF(G19=0,"SpiceJet",IF(F19<=G19,"SpiceJet","Air India"))),IF(F19=0,IF(G19=0,"IndiGo",IF(E19<=G19,"IndiGo","Air India")),IF(G19=0,IF(E19<=F19,"IndiGo","SpiceJet"),IF(AND(E19<=F19,E19<=G19),"IndiGo",IF(AND(F19<=E19,F19<=G19),"SpiceJet","Air India"))))) -> IndiGo
A20: 46186 | B20: DEL-CCU | C20: 46193 | D20: =C20-A20 -> 7 | E20: 13160 | G20: 8153 | H20: Morning | I20: =IF(E20=0,IF(F20=0,"Air India",IF(G20=0,"SpiceJet",IF(F20<=G20,"SpiceJet","Air India"))),IF(F20=0,IF(G20=0,"IndiGo",IF(E20<=G20,"IndiGo","Air India")),IF(G20=0,IF(E20<=F20,"IndiGo","SpiceJet"),IF(AND(E20<=F20,E20<=G20),"IndiGo",IF(AND(F20<=E20,F20<=G20),"SpiceJet","Air India"))))) -> Air India
A21: 46186 | B21: DEL-CCU | C21: 46193 | D21: =C21-A21 -> 7 | E21: 8009 | F21: 6974 | G21: 9102 | H21: Evening | I21: =IF(E21=0,IF(F21=0,"Air India",IF(G21=0,"SpiceJet",IF(F21<=G21,"SpiceJet","Air India"))),IF(F21=0,IF(G21=0,"IndiGo",IF(E21<=G21,"IndiGo","Air India")),IF(G21=0,IF(E21<=F21,"IndiGo","SpiceJet"),IF(AND(E21<=F21,E21<=G21),"IndiGo",IF(AND(F21<=E21,F21<=G21),"SpiceJet","Air India"))))) -> SpiceJet
A22: 46186 | B22: DEL-BOM | C22: 46216 | D22: =C22-A22 -> 30 | E22: 7486 | G22: 7589 | H22: Morning | I22: =IF(E22=0,IF(F22=0,"Air India",IF(G22=0,"SpiceJet",IF(F22<=G22,"SpiceJet","Air India"))),IF(F22=0,IF(G22=0,"IndiGo",IF(E22<=G22,"IndiGo","Air India")),IF(G22=0,IF(E22<=F22,"IndiGo","SpiceJet"),IF(AND(E22<=F22,E22<=G22),"IndiGo",IF(AND(F22<=E22,F22<=G22),"SpiceJet","Air India"))))) -> IndiGo
A23: 46186 | B23: DEL-BOM | C23: 46216 | D23: =C23-A23 -> 30 | E23: 7486 | F23: 7274 | G23: 7589 | H23: Evening | I23: =IF(E23=0,IF(F23=0,"Air India",IF(G23=0,"SpiceJet",IF(F23<=G23,"SpiceJet","Air India"))),IF(F23=0,IF(G23=0,"IndiGo",IF(E23<=G23,"IndiGo","Air India")),IF(G23=0,IF(E23<=F23,"IndiGo","SpiceJet"),IF(AND(E23<=F23,E23<=G23),"IndiGo",IF(AND(F23<=E23,F23<=G23),"SpiceJet","Air India"))))) -> SpiceJet
A24: 46186 | B24: DEL-BLR | C24: 46216 | D24: =C24-A24 -> 30 | E24: 9900 | G24: 10121 | H24: Morning | I24: =IF(E24=0,IF(F24=0,"Air India",IF(G24=0,"SpiceJet",IF(F24<=G24,"SpiceJet","Air India"))),IF(F24=0,IF(G24=0,"IndiGo",IF(E24<=G24,"IndiGo","Air India")),IF(G24=0,IF(E24<=F24,"IndiGo","SpiceJet"),IF(AND(E24<=F24,E24<=G24),"IndiGo",IF(AND(F24<=E24,F24<=G24),"SpiceJet","Air India"))))) -> IndiGo
A25: 46186 | B25: DEL-BLR | C25: 46216 | D25: =C25-A25 -> 30 | E25: 9900 | G25: 10121 | H25: Evening | I25: =IF(E25=0,IF(F25=0,"Air India",IF(G25=0,"SpiceJet",IF(F25<=G25,"SpiceJet","Air India"))),IF(F25=0,IF(G25=0,"IndiGo",IF(E25<=G25,"IndiGo","Air India")),IF(G25=0,IF(E25<=F25,"IndiGo","SpiceJet"),IF(AND(E25<=F25,E25<=G25),"IndiGo",IF(AND(F25<=E25,F25<=G25),"SpiceJet","Air India"))))) -> IndiGo
A26: 46186 | B26: DEL-HYD | C26: 46216 | D26: =C26-A26 -> 30 | E26: 6420 | G26: 6619 | H26: Morning | I26: =IF(E26=0,IF(F26=0,"Air India",IF(G26=0,"SpiceJet",IF(F26<=G26,"SpiceJet","Air India"))),IF(F26=0,IF(G26=0,"IndiGo",IF(E26<=G26,"IndiGo","Air India")),IF(G26=0,IF(E26<=F26,"IndiGo","SpiceJet"),IF(AND(E26<=F26,E26<=G26),"IndiGo",IF(AND(F26<=E26,F26<=G26),"SpiceJet","Air India"))))) -> IndiGo
A27: 46186 | B27: DEL-HYD | C27: 46216 | D27: =C27-A27 -> 30 | E27: 6420 | G27: 6950 | H27: Evening | I27: =IF(E27=0,IF(F27=0,"Air India",IF(G27=0,"SpiceJet",IF(F27<=G27,"SpiceJet","Air India"))),IF(F27=0,IF(G27=0,"IndiGo",IF(E27<=G27,"IndiGo","Air India")),IF(G27=0,IF(E27<=F27,"IndiGo","SpiceJet"),IF(AND(E27<=F27,E27<=G27),"IndiGo",IF(AND(F27<=E27,F27<=G27),"SpiceJet","Air India"))))) -> IndiGo
A28: 46186 | B28: DEL-MAA | C28: 46216 | D28: =C28-A28 -> 30 | E28: 8181 | G28: 8431 | H28: Morning | I28: =IF(E28=0,IF(F28=0,"Air India",IF(G28=0,"SpiceJet",IF(F28<=G28,"SpiceJet","Air India"))),IF(F28=0,IF(G28=0,"IndiGo",IF(E28<=G28,"IndiGo","Air India")),IF(G28=0,IF(E28<=F28,"IndiGo","SpiceJet"),IF(AND(E28<=F28,E28<=G28),"IndiGo",IF(AND(F28<=E28,F28<=G28),"SpiceJet","Air India"))))) -> IndiGo
A29: 46186 | B29: DEL-MAA | C29: 46216 | D29: =C29-A29 -> 30 | E29: 8647 | G29: 10957 | H29: Evening | I29: =IF(E29=0,IF(F29=0,"Air India",IF(G29=0,"SpiceJet",IF(F29<=G29,"SpiceJet","Air India"))),IF(F29=0,IF(G29=0,"IndiGo",IF(E29<=G29,"IndiGo","Air India")),IF(G29=0,IF(E29<=F29,"IndiGo","SpiceJet"),IF(AND(E29<=F29,E29<=G29),"IndiGo",IF(AND(F29<=E29,F29<=G29),"SpiceJet","Air India"))))) -> IndiGo
A30: 46186 | B30: DEL-CCU | C30: 46216 | D30: =C30-A30 -> 30 | E30: 6940 | G30: 7343 | H30: Morning | I30: =IF(E30=0,IF(F30=0,"Air India",IF(G30=0,"SpiceJet",IF(F30<=G30,"SpiceJet","Air India"))),IF(F30=0,IF(G30=0,"IndiGo",IF(E30<=G30,"IndiGo","Air India")),IF(G30=0,IF(E30<=F30,"IndiGo","SpiceJet"),IF(AND(E30<=F30,E30<=G30),"IndiGo",IF(AND(F30<=E30,F30<=G30),"SpiceJet","Air India"))))) -> IndiGo
A31: 46186 | B31: DEL-CCU | C31: 46216 | D31: =C31-A31 -> 30 | E31: 6749 | F31: 6861 | G31: 7011 | H31: Evening | I31: =IF(E31=0,IF(F31=0,"Air India",IF(G31=0,"SpiceJet",IF(F31<=G31,"SpiceJet","Air India"))),IF(F31=0,IF(G31=0,"IndiGo",IF(E31<=G31,"IndiGo","Air India")),IF(G31=0,IF(E31<=F31,"IndiGo","SpiceJet"),IF(AND(E31<=F31,E31<=G31),"IndiGo",IF(AND(F31<=E31,F31<=G31),"SpiceJet","Air India"))))) -> IndiGo

Sheet Analysis
A1: Route | B1: Avg Indigo | C1: Avg SpiceJet | D1: Avg Air India
A2: {=_xlfn.UNIQUE('Raw Data'!B2:B31)} -> DEL-BOM | B2: =AVERAGEIF('Raw Data'!$B$2:$B$31,Analysis!A2,'Raw Data'!$E$2:$E$31) -> 8292.3333 | C2: =IFERROR(AVERAGEIF('Raw Data'!$B$2:$B$31,Analysis!A2,'Raw Data'!$F$2:$F$31),"N/A") -> 9433.75 | D2: =AVERAGEIF('Raw Data'!$B$2:$B$31,Analysis!A2,'Raw Data'!$G$2:$G$31) -> 8415.5
A3: DEL-BLR | B3: =AVERAGEIF('Raw Data'!$B$2:$B$31,Analysis!A3,'Raw Data'!$E$2:$E$31) -> 12047.333 | C3: =IFERROR(AVERAGEIF('Raw Data'!$B$2:$B$31,Analysis!A3,'Raw Data'!$F$2:$F$31),"N/A") -> 20872 | D3: =AVERAGEIF('Raw Data'!$B$2:$B$31,Analysis!A3,'Raw Data'!$G$2:$G$31) -> 15338.5
A4: DEL-HYD | B4: =AVERAGEIF('Raw Data'!$B$2:$B$31,Analysis!A4,'Raw Data'!$E$2:$E$31) -> 11461 | C4: =IFERROR(AVERAGEIF('Raw Data'!$B$2:$B$31,Analysis!A4,'Raw Data'!$F$2:$F$31),"N/A") -> N/A | D4: =AVERAGEIF('Raw Data'!$B$2:$B$31,Analysis!A4,'Raw Data'!$G$2:$G$31) -> 12846.333
A5: DEL-MAA | B5: =AVERAGEIF('Raw Data'!$B$2:$B$31,Analysis!A5,'Raw Data'!$E$2:$E$31) -> 11502.833 | C5: =IFERROR(AVERAGEIF('Raw Data'!$B$2:$B$31,Analysis!A5,'Raw Data'!$F$2:$F$31),"N/A") -> N/A | D5: =AVERAGEIF('Raw Data'!$B$2:$B$31,Analysis!A5,'Raw Data'!$G$2:$G$31) -> 13073
A6: DEL-CCU | B6: =AVERAGEIF('Raw Data'!$B$2:$B$31,Analysis!A6,'Raw Data'!$E$2:$E$31) -> 12190.333 | C6: =IFERROR(AVERAGEIF('Raw Data'!$B$2:$B$31,Analysis!A6,'Raw Data'!$F$2:$F$31),"N/A") -> 6917.5 | D6: =AVERAGEIF('Raw Data'!$B$2:$B$31,Analysis!A6,'Raw Data'!$G$2:$G$31) -> 12226.167
A9: Time slot | B9: Avg Indigo
A10: Morning | B10: =AVERAGEIFS('Raw Data'!E2:E31,'Raw Data'!H2:H31,"Morning") -> 11343.067
A11: Evening | B11: =AVERAGEIFS('Raw Data'!E2:E31,'Raw Data'!H2:H31,"Evening") -> 10854.467
A20: Key Findings:
A21: 1. On the four DEL-BOM checks where SpiceJet had a fare, SpiceJet averaged ₹9,434 vs IndiGo ₹8,433 on those same checks, about 12% more expensive (IndiGo’s average across all six DEL-BOM checks is ₹8,292)
A22: 2. Morning slots average ₹11,343 vs Evening ₹10,854 — evening flights are 4.31% cheaper on average
A23: 3. SpiceJet does not operate DEL-HYD and DEL-MAA routes — IndiGo has no low-cost competition there
A24: 4. Booking 30 days in advance saves on average 45% across all routes compared to next-day booking
